,Timestamp,Username,Other1,Other2
0,2022/09/18 6:59:10 PM MDT,pluvially@undemocratization,arrand,polio
1,2022/09/18 6:59:11 PM MDT,scalar@duhr,paulownia,slavonic
2,2022/09/18 6:59:12 PM MDT,ectoparasitica@scratchproof,overcharitable,skeans
3,2022/09/18 6:59:13 PM MDT,antrustion@fainty,delayful,slugfest
4,2022/09/18 6:59:14 PM MDT,laugh@scyphomedusan,cinquanter,corporativism
5,2022/09/18 6:59:15 PM MDT,laugh@scyphomedusan,syndicalistic,bimethyls
6,2022/09/18 6:59:16 PM MDT,myxinoid@kibitka,padroni,pellmells
7,2022/09/18 6:59:17 PM MDT,pluvially@undemocratization,sheeling,pigling
8,2022/09/18 6:59:18 PM MDT,vss@clidastes,kythed,tenailles
9,2022/09/18 6:59:19 PM MDT,kolkoz@rhipipteran,reciprocation,allocates
10,2022/09/18 6:59:20 PM MDT,perthitic@unadventured,cheirosophy,amicableness
11,2022/09/18 6:59:21 PM MDT,extrasyphilitic@stonyheartedness,gastrocnemius,preadvising
12,2022/09/18 6:59:22 PM MDT,pictorialisation@damoisel,doohinkus,apothecarcaries
13,2022/09/18 6:59:23 PM MDT,dingling@primeverin,renishly,ulexites
14,2022/09/18 6:59:24 PM MDT,neatherds@danseurs,administerial,sinder
15,2022/09/18 6:59:25 PM MDT,archpillar@cloudlets,overreserved,salicorn
16,2022/09/18 6:59:26 PM MDT,archpillar@cloudlets,pretences,sizeable
17,2022/09/18 6:59:27 PM MDT,antheridial@superoexternal,dignitas,cryptogrammic
18,2022/09/18 6:59:28 PM MDT,drupe@vialing,sclerocornea,untempting
19,2022/09/18 6:59:29 PM MDT,scalar@duhr,zakat,semipastorally
20,2022/09/18 6:59:30 PM MDT,neatherds@danseurs,recontests,labber
21,2022/09/18 6:59:31 PM MDT,neatherds@danseurs,onychauxis,pyrolyze
22,2022/09/18 6:59:32 PM MDT,convictible@devastate,otherness,bluenoses
23,2022/09/18 6:59:33 PM MDT,saltierwise@restitutionist,stampsmen,protopterous
24,2022/09/18 6:59:34 PM MDT,superpersonalism@viduous,obligation,ass
25,2022/09/18 6:59:35 PM MDT,kolkoz@rhipipteran,collunaria,clowre
26,2022/09/18 6:59:36 PM MDT,acidemias@interattrition,dentaria,dewooling
27,2022/09/18 6:59:37 PM MDT,unharmonically@buroo,fiberizer,nonrationalistically
28,2022/09/18 6:59:38 PM MDT,scalar@duhr,cinchotoxine,piquiere
29,2022/09/18 6:59:39 PM MDT,unharmonically@buroo,paleontologist,closh
30,2022/09/18 6:59:40 PM MDT,caccia@pommy,headsails,czarists
31,2022/09/18 6:59:41 PM MDT,picometer@lickpenny,fibrinogenically,babelize
32,2022/09/18 6:59:42 PM MDT,thucydidean@rance,ketine,hippuridaceae
33,2022/09/18 6:59:43 PM MDT,ganodonta@reflow,sphaeripium,onstead
34,2022/09/18 6:59:44 PM MDT,nonnational@camouflage,panelling,nonprevalent
35,2022/09/18 6:59:45 PM MDT,antheridial@superoexternal,dumose,allotypical
